<?xml version="1.0" encoding="utf-8"?>
<addon addon_id="Donation_InterKassa" title="[GNSC] Donation Interkassa" version_string="1.0.0" version_id="1" url="https://www.nulledcom.xyz" install_callback_class="" install_callback_method="" uninstall_callback_class="" uninstall_callback_method="">
  <admin_navigation/>
  <admin_permissions/>
  <admin_style_properties/>
  <admin_templates/>
  <admin_template_modifications/>
  <code_events/>
  <code_event_listeners/>
  <cron/>
  <email_templates/>
  <email_template_modifications/>
  <optiongroups>
    <group group_id="Donation_Interkassa" display_order="510" debug_only="0"/>
    <option option_id="DonationText" edit_format="textbox" data_type="string" can_backup="1">
      <default_value>You can donate a small sum of money, which will be directed to the payment server.</default_value>
      <edit_format_params></edit_format_params>
      <sub_options></sub_options>
      <relation group_id="Donation_Interkassa" display_order="5"/>
    </option>
    <option option_id="InterKassaCheckoutName" edit_format="textbox" data_type="string" can_backup="1">
      <default_value></default_value>
      <edit_format_params></edit_format_params>
      <sub_options></sub_options>
      <relation group_id="Donation_Interkassa" display_order="3"/>
    </option>
    <option option_id="InterkassaAutoMod" edit_format="onoff" data_type="boolean" can_backup="1">
      <default_value>1</default_value>
      <edit_format_params></edit_format_params>
      <sub_options></sub_options>
      <relation group_id="Donation_Interkassa" display_order="6"/>
    </option>
    <option option_id="InterkassaCur" edit_format="select" data_type="string" can_backup="1">
      <default_value>USD</default_value>
      <edit_format_params>USD=US DOLLARS
EUR=EUROS
RUB=Rubel Rusia
UAH=Ukrainian Hryvnia</edit_format_params>
      <sub_options></sub_options>
      <relation group_id="Donation_Interkassa" display_order="4"/>
    </option>
    <option option_id="InterkassaFlatCheck" edit_format="onoff" data_type="boolean" can_backup="1">
      <default_value>0</default_value>
      <edit_format_params>off</edit_format_params>
      <sub_options></sub_options>
      <relation group_id="Donation_Interkassa" display_order="7"/>
    </option>
    <option option_id="InterkassaId" edit_format="textbox" data_type="string" can_backup="1">
      <default_value></default_value>
      <edit_format_params></edit_format_params>
      <sub_options></sub_options>
      <relation group_id="Donation_Interkassa" display_order="1"/>
    </option>
    <option option_id="InterkassaSecretKey" edit_format="textbox" data_type="string" can_backup="1">
      <default_value></default_value>
      <edit_format_params></edit_format_params>
      <sub_options></sub_options>
      <relation group_id="Donation_Interkassa" display_order="2"/>
    </option>
    <option option_id="MininumAmount" edit_format="spinbox" data_type="string" can_backup="1">
      <default_value>1</default_value>
      <edit_format_params></edit_format_params>
      <sub_options></sub_options>
      <relation group_id="Donation_Interkassa" display_order="4"/>
    </option>
  </optiongroups>
  <permissions>
    <permission_groups/>
    <permissions/>
    <interface_groups/>
  </permissions>
  <phrases>
    <phrase title="option_DonationText" version_id="1" version_string="1.0.0"><![CDATA[Enter the text that will be displayed in the block:]]></phrase>
    <phrase title="option_DonationText_explain" version_id="1" version_string="1.0.0"><![CDATA[The donation box will display the text]]></phrase>
    <phrase title="option_group_Donation_Interkassa" version_id="1" version_string="1.0.0"><![CDATA[[GNSC] Donation Interkassa]]></phrase>
    <phrase title="option_group_Donation_Interkassa_description" version_id="1" version_string="1.0.0"><![CDATA[Configure Donation Interkassa]]></phrase>
    <phrase title="option_InterkassaAutoMod" version_id="1" version_string="1.0.0"><![CDATA[Enable automatic template modification Forum_list]]></phrase>
    <phrase title="option_InterkassaAutoMod_explain" version_id="1" version_string="1.0.0"><![CDATA[If you have a custom template, or do not like the shape, the shape can add themselves to any place on the forum, with the following code: <_xen: include template = "Donation_interkassa" /> (Remove the "_" character after "<").

Before these disable this option!]]></phrase>
    <phrase title="option_InterKassaCheckoutName" version_id="1" version_string="1.0.0"><![CDATA[Enter Your InterKassa Checkout Name]]></phrase>
    <phrase title="option_InterKassaCheckoutName_explain" version_id="1" version_string="1.0.0"><![CDATA[In this field, enter the "Payment Name", ie such as "voluntary donation in my life", etc.]]></phrase>
    <phrase title="option_InterkassaCur" version_id="1" version_string="1.0.0"><![CDATA[Currency]]></phrase>
    <phrase title="option_InterkassaCur_explain" version_id="1" version_string="1.0.0"><![CDATA[Currency to be used with PayPal. Note: some currencies require the donor to be from a certain country.]]></phrase>
    <phrase title="option_InterkassaFlatCheck" version_id="1" version_string="1.0.0"><![CDATA[Enable FlatAwesome]]></phrase>
    <phrase title="option_InterkassaFlatCheck_explain" version_id="1" version_string="1.0.0"><![CDATA[For correct display of plug-in must be connected FlatAwesome, if you are not connected, be sure to enable this option]]></phrase>
    <phrase title="option_InterkassaId" version_id="1" version_string="1.0.0"><![CDATA[Enter Your Interkassa Checkout ID]]></phrase>
    <phrase title="option_InterkassaId_explain" version_id="1" version_string="1.0.0"><![CDATA[Filling Interkassa Checkout ID Here]]></phrase>
    <phrase title="option_InterkassaSecretKey" version_id="1" version_string="1.0.0"><![CDATA[Enter Your InterKassa Checkout Secret Key]]></phrase>
    <phrase title="option_InterkassaSecretKey_explain" version_id="1" version_string="1.0.0"><![CDATA[In the settings you set up offices on the page "Security" setting set
"The algorithm signature" to the value "SHA256", generate a secret key in the same
page and paste the key in this field!]]></phrase>
    <phrase title="option_MininumAmount" version_id="1" version_string="1.0.0"><![CDATA[Mininum Amount]]></phrase>
    <phrase title="option_MininumAmount_explain" version_id="1" version_string="1.0.0"><![CDATA[]]></phrase>
  </phrases>
  <route_prefixes/>
  <style_properties/>
  <templates>
    <template title="Donation_interkassa" version_id="1" version_string="1.0.0"><![CDATA[<xen:require css="Donation_interkassa.css" />
<div class="section">
    <div class="secondaryContent">
        <h3><i class="fa fa-money" aria-hidden="true"></i>
Donation</h3>    
	<div class="Donate">
   	
   	  
          You can donate a small sum of money, which will be directed to the payment server.
          <p>&nbsp;</p>

        <form action="Interkassa_Donate.php" target="_blank" name="myform" method="post">
       	         
       	       <p align="center">

              <input id="m_amount" name="mytext" maxlength="45" value={$xenOptions.DonateIK_Pay} data-type="number" pattern="^[1-9]\d*$" class="textCtrl SpinBox number" placeholder="Enter the amount of ..." required="required" type="text">
              
              
              <span>
                <i class="fa fa-usd fa-1x fa-fw"></i>
              </span>
               </p>
               <p>&nbsp;</p>
               <p align="center">
              <input name="m_process" value="Donate" class="button primary" type="submit">
            
              </p>
        </form>
      
    </div>
     </div>
          ]]></template>
    <template title="Donation_interkassa.css" version_id="1" version_string="1.0.0"><![CDATA[.textCtrl.number, .textCtrl.number input{  

border-radius:35px;
border:#4872aa solid 2px;
text-align:center;
width:35px;
height:35px;
position: relative;
top: -5px;
}
.fa-fw {
width: 1em;
}

.Donate {
background-image: url(/donateGNSC.jpg);
background-repeat:norepeat;
background-size: cover;
background-position: -9px,15px;
}]]></template>
  </templates>
  <public_template_modifications/>
  <bb_code_media_sites/>
  <bb_codes/>
  <brc_actions/>
</addon>
